{"cameraMode":{"drawMode":0,"name":"Shaded","section":"Shading Mode"},"sceneLighting":true,"audioPlay":false,"sceneViewState":{"showFog":true,"showMaterialUpdate":false,"showSkybox":true,"showFlares":true,"showImageEffects":true,"showParticleSystems":true},"in2DMode":false,"pivot":{"x":151.8708038330078,"y":-30.068889617919923,"z":1339.4830322265625},"rotation":{"x":-0.010794021189212799,"y":-0.054873839020729068,"z":0.0005881237448193133,"w":-0.9984462261199951},"size":1368.7171630859375,"orthographic":false}