{"cameraMode":{"drawMode":0,"name":"Shaded","section":"Shading Mode"},"sceneLighting":true,"audioPlay":false,"sceneViewState":{"showFog":true,"showMaterialUpdate":false,"showSkybox":true,"showFlares":true,"showImageEffects":true,"showParticleSystems":true},"in2DMode":false,"pivot":{"x":-7.003666877746582,"y":19.696510314941408,"z":1357.8780517578125},"rotation":{"x":0.0071898894384503368,"y":0.002096041338518262,"z":0.000011649996849882882,"w":-0.9999836683273315},"size":1368.7171630859375,"orthographic":false}