{"cameraMode":{"drawMode":0,"name":"Shaded","section":"Shading Mode"},"sceneLighting":false,"audioPlay":false,"sceneViewState":{"showFog":true,"showMaterialUpdate":false,"showSkybox":false,"showFlares":true,"showImageEffects":true,"showParticleSystems":true},"in2DMode":false,"pivot":{"x":-2.8062381744384767,"y":-0.25769156217575076,"z":-7.753174304962158},"rotation":{"x":-0.05415089428424835,"y":-0.0697425901889801,"z":0.0037915552966296674,"w":-0.9960966110229492},"size":14.181076049804688,"orthographic":false}