{"cameraMode":{"drawMode":0,"name":"Shaded","section":"Shading Mode"},"sceneLighting":false,"audioPlay":false,"sceneViewState":{"showFog":true,"showMaterialUpdate":false,"showSkybox":false,"showFlares":true,"showImageEffects":true,"showParticleSystems":true},"in2DMode":false,"pivot":{"x":0.2418348789215088,"y":0.7660800218582153,"z":2.106943130493164},"rotation":{"x":-0.05716152489185333,"y":-0.06375425308942795,"z":0.003657837864011526,"w":-0.9963253736495972},"size":14.181076049804688,"orthographic":false}