{"cameraMode":{"drawMode":0,"name":"Shaded","section":"Shading Mode"},"sceneLighting":true,"audioPlay":false,"sceneViewState":{"showFog":true,"showMaterialUpdate":false,"showSkybox":true,"showFlares":true,"showImageEffects":true,"showParticleSystems":true},"in2DMode":false,"pivot":{"x":22.094032287597658,"y":-44.19938278198242,"z":793.6809692382813},"rotation":{"x":-0.027302833274006845,"y":-0.015895798802375795,"z":0.0004331158706918359,"w":-0.9995083808898926},"size":810.0339965820313,"orthographic":false}